patient_id,window_start,window_end,wearable_present,wearable_battery_pct,heart_rate_mean,heart_rate_std,resting_heart_rate,hrv_rmssd,spo2_mean,sleep_minutes,awake_minutes,steps,sedentary_minutes,room_changes,night_room_changes,bedroom_minutes,kitchen_minutes,bathroom_minutes,living_room_minutes,longest_single_room_minutes,nilm_total_wh,nilm_kitchen_events,nilm_tv_minutes,nilm_coffee_events,nilm_stove_events,fall_events
pamap2-subject101,2012-01-01T00:00:00+00:00,2012-01-01T00:04:00+00:00,1,,90.71941426547001,8.043144525973668,nan,nan,nan,nan,nan,0.0,3.372333333333333,nan,nan,nan,nan,nan,nan,nan,nan,nan,nan,nan,nan,0.0
pamap2-subject101,2012-01-01T00:04:00+00:00,2012-01-01T00:08:00+00:00,1,,88.19462169553327,5.976781897365975,nan,nan,nan,nan,nan,0.0,4.0,nan,nan,nan,nan,nan,nan,nan,nan,nan,nan,nan,nan,0.0
pamap2-subject101,2012-01-01T00:08:00+00:00,2012-01-01T00:12:00+00:00,1,,100.82406563354604,5.898182334169063,nan,nan,nan,nan,nan,0.0,1.0721666666666667,nan,nan,nan,nan,nan,nan,nan,nan,nan,nan,nan,nan,0.0
pamap2-subject101,2012-01-01T00:12:00+00:00,2012-01-01T00:16:00+00:00,1,,104.04744525547446,7.220303694726587,nan,nan,nan,nan,nan,59.47083333333333,0.0,nan,nan,nan,nan,nan,nan,nan,nan,nan,nan,nan,nan,0.0
pamap2-subject101,2012-01-01T00:16:00+00:00,2012-01-01T00:20:00+00:00,1,,102.60647514819881,5.38408033424018,nan,nan,nan,nan,nan,82.72833333333332,0.0,nan,nan,nan,nan,nan,nan,nan,nan,nan,nan,nan,nan,0.0
pamap2-subject101,2012-01-01T00:20:00+00:00,2012-01-01T00:24:00+00:00,1,,130.39179954441914,7.878723472098211,nan,nan,nan,nan,nan,262.955,0.0,nan,nan,nan,nan,nan,nan,nan,nan,nan,nan,nan,nan,0.0
pamap2-subject101,2012-01-01T00:24:00+00:00,2012-01-01T00:28:00+00:00,1,,135.22217153284672,19.48409423430195,nan,nan,nan,nan,nan,108.26666666666667,0.0,nan,nan,nan,nan,nan,nan,nan,nan,nan,nan,nan,nan,0.0
pamap2-subject101,2012-01-01T00:28:00+00:00,2012-01-01T00:32:00+00:00,1,,130.61941659070192,11.91938151972571,nan,nan,nan,nan,nan,187.73333333333332,0.0,nan,nan,nan,nan,nan,nan,nan,nan,nan,nan,nan,nan,0.0
pamap2-subject101,2012-01-01T00:32:00+00:00,2012-01-01T00:36:00+00:00,1,,140.6675799086758,13.972739247848315,nan,nan,nan,nan,nan,114.51999999999998,0.0,nan,nan,nan,nan,nan,nan,nan,nan,nan,nan,nan,nan,0.0
pamap2-subject101,2012-01-01T00:36:00+00:00,2012-01-01T00:40:00+00:00,1,,119.54102096627165,3.6966076316322587,nan,nan,nan,nan,nan,256.71666666666664,0.0,nan,nan,nan,nan,nan,nan,nan,nan,nan,nan,nan,nan,0.0
pamap2-subject101,2012-01-01T00:40:00+00:00,2012-01-01T00:44:00+00:00,1,,127.18003646308114,11.075852782398991,nan,nan,nan,nan,nan,297.26166666666666,0.0,nan,nan,nan,nan,nan,nan,nan,nan,nan,nan,nan,nan,0.0
pamap2-subject101,2012-01-01T00:44:00+00:00,2012-01-01T00:48:00+00:00,1,,133.55271565495207,9.669614411973617,nan,nan,nan,nan,nan,188.43,0.0,nan,nan,nan,nan,nan,nan,nan,nan,nan,nan,nan,nan,0.0
pamap2-subject101,2012-01-01T00:48:00+00:00,2012-01-01T00:52:00+00:00,1,,128.7370100273473,3.6686639478373113,nan,nan,nan,nan,nan,0.0,0.0,nan,nan,nan,nan,nan,nan,nan,nan,nan,nan,nan,nan,0.0
pamap2-subject101,2012-01-01T00:52:00+00:00,2012-01-01T00:56:00+00:00,1,,159.69831127339114,16.861283106081885,nan,nan,nan,nan,nan,567.0666666666667,0.0,nan,nan,nan,nan,nan,nan,nan,nan,nan,nan,nan,nan,0.0
pamap2-subject101,2012-01-01T00:56:00+00:00,2012-01-01T01:00:00+00:00,1,,149.3206943809959,19.82337348646754,nan,nan,nan,nan,nan,205.48,0.0,nan,nan,nan,nan,nan,nan,nan,nan,nan,nan,nan,nan,0.0
pamap2-subject101,2012-01-01T01:00:00+00:00,2012-01-01T01:04:00+00:00,1,,151.5288888888889,19.969793626765036,nan,nan,nan,nan,nan,52.76,0.0,nan,nan,nan,nan,nan,nan,nan,nan,nan,nan,nan,nan,0.0
pamap2-subject102,2012-01-02T00:00:00+00:00,2012-01-02T00:04:00+00:00,1,,83.87003780718337,8.531805844172338,nan,nan,nan,nan,nan,0.0,3.08,nan,nan,nan,nan,nan,nan,nan,nan,nan,nan,nan,nan,0.0
pamap2-subject102,2012-01-02T00:04:00+00:00,2012-01-02T00:08:00+00:00,1,,83.56589147286822,7.606868301969412,nan,nan,nan,nan,nan,0.0,2.9556666666666667,nan,nan,nan,nan,nan,nan,nan,nan,nan,nan,nan,nan,0.0
pamap2-subject102,2012-01-02T00:08:00+00:00,2012-01-02T00:12:00+00:00,1,,85.33745421245422,5.88730770843199,nan,nan,nan,nan,nan,0.0,1.5935,nan,nan,nan,nan,nan,nan,nan,nan,nan,nan,nan,nan,0.0
pamap2-subject102,2012-01-02T00:12:00+00:00,2012-01-02T00:16:00+00:00,1,,92.9671682626539,4.4721174033926605,nan,nan,nan,nan,nan,30.28666666666667,0.0,nan,nan,nan,nan,nan,nan,nan,nan,nan,nan,nan,nan,0.0
pamap2-subject102,2012-01-02T00:16:00+00:00,2012-01-02T00:20:00+00:00,1,,87.58268792710706,2.413491137768472,nan,nan,nan,nan,nan,138.18,0.0,nan,nan,nan,nan,nan,nan,nan,nan,nan,nan,nan,nan,0.0
pamap2-subject102,2012-01-02T00:20:00+00:00,2012-01-02T00:24:00+00:00,1,,96.87414500683994,7.9124041570729355,nan,nan,nan,nan,nan,189.25666666666666,0.0,nan,nan,nan,nan,nan,nan,nan,nan,nan,nan,nan,nan,0.0
pamap2-subject102,2012-01-02T00:24:00+00:00,2012-01-02T00:28:00+00:00,1,,95.62956204379562,3.200080146946432,nan,nan,nan,nan,nan,52.044999999999995,0.0,nan,nan,nan,nan,nan,nan,nan,nan,nan,nan,nan,nan,0.0
pamap2-subject102,2012-01-02T00:28:00+00:00,2012-01-02T00:32:00+00:00,1,,118.87693710118505,22.36996021186166,nan,nan,nan,nan,nan,116.33333333333333,0.0,nan,nan,nan,nan,nan,nan,nan,nan,nan,nan,nan,nan,0.0
pamap2-subject102,2012-01-02T00:32:00+00:00,2012-01-02T00:36:00+00:00,1,,99.36645396536008,5.678461722599384,nan,nan,nan,nan,nan,103.88,0.0,nan,nan,nan,nan,nan,nan,nan,nan,nan,nan,nan,nan,0.0
pamap2-subject102,2012-01-02T00:36:00+00:00,2012-01-02T00:40:00+00:00,1,,103.05082417582418,3.7449207675418585,nan,nan,nan,nan,nan,0.0,0.0,nan,nan,nan,nan,nan,nan,nan,nan,nan,nan,nan,nan,0.0
pamap2-subject102,2012-01-02T00:40:00+00:00,2012-01-02T00:44:00+00:00,1,,136.95713634290925,15.562796184722194,nan,nan,nan,nan,nan,213.85333333333332,0.0,nan,nan,nan,nan,nan,nan,nan,nan,nan,nan,nan,nan,0.0
pamap2-subject102,2012-01-02T00:44:00+00:00,2012-01-02T00:48:00+00:00,1,,126.23575011399909,7.511812166218405,nan,nan,nan,nan,nan,165.46666666666667,0.0,nan,nan,nan,nan,nan,nan,nan,nan,nan,nan,nan,nan,0.0
pamap2-subject102,2012-01-02T00:48:00+00:00,2012-01-02T00:52:00+00:00,1,,123.45666058394161,2.8398463927524387,nan,nan,nan,nan,nan,376.75,0.0,nan,nan,nan,nan,nan,nan,nan,nan,nan,nan,nan,nan,0.0
pamap2-subject102,2012-01-02T00:52:00+00:00,2012-01-02T00:56:00+00:00,1,,121.36645396536008,7.104422692386135,nan,nan,nan,nan,nan,238.88333333333335,0.0,nan,nan,nan,nan,nan,nan,nan,nan,nan,nan,nan,nan,0.0
pamap2-subject102,2012-01-02T00:56:00+00:00,2012-01-02T01:00:00+00:00,1,,125.1718322698268,3.706053292822709,nan,nan,nan,nan,nan,306.33166666666665,0.0,nan,nan,nan,nan,nan,nan,nan,nan,nan,nan,nan,nan,0.0
pamap2-subject102,2012-01-02T01:00:00+00:00,2012-01-02T01:04:00+00:00,1,,119.65968109339408,3.217745626093375,nan,nan,nan,nan,nan,0.0,0.0,nan,nan,nan,nan,nan,nan,nan,nan,nan,nan,nan,nan,0.0
pamap2-subject102,2012-01-02T01:04:00+00:00,2012-01-02T01:08:00+00:00,1,,123.94061215166742,15.188991823904683,nan,nan,nan,nan,nan,246.34666666666664,0.0,nan,nan,nan,nan,nan,nan,nan,nan,nan,nan,nan,nan,0.0
pamap2-subject102,2012-01-02T01:08:00+00:00,2012-01-02T01:12:00+00:00,1,,150.7169553327256,21.8854566544197,nan,nan,nan,nan,nan,265.24,0.0,nan,nan,nan,nan,nan,nan,nan,nan,nan,nan,nan,nan,0.0
pamap2-subject102,2012-01-02T01:12:00+00:00,2012-01-02T01:16:00+00:00,1,,138.2208067940552,8.907287993073227,nan,nan,nan,nan,nan,0.0,0.0,nan,nan,nan,nan,nan,nan,nan,nan,nan,nan,nan,nan,0.0
pamap2-subject103,2012-01-03T00:00:00+00:00,2012-01-03T00:04:00+00:00,1,,80.87822014051523,5.717237882936584,nan,nan,nan,nan,nan,0.0,1.2315,nan,nan,nan,nan,nan,nan,nan,nan,nan,nan,nan,nan,0.0
pamap2-subject103,2012-01-03T00:04:00+00:00,2012-01-03T00:08:00+00:00,1,,77.03100775193798,7.739956540976895,nan,nan,nan,nan,nan,0.0,2.4425000000000003,nan,nan,nan,nan,nan,nan,nan,nan,nan,nan,nan,nan,0.0
pamap2-subject103,2012-01-03T00:08:00+00:00,2012-01-03T00:12:00+00:00,1,,75.5496809480401,2.803426472972716,nan,nan,nan,nan,nan,0.0,3.9731666666666663,nan,nan,nan,nan,nan,nan,nan,nan,nan,nan,nan,nan,0.0
pamap2-subject103,2012-01-03T00:12:00+00:00,2012-01-03T00:16:00+00:00,1,,83.43371298405467,4.484298358922717,nan,nan,nan,nan,nan,0.0,0.8203333333333334,nan,nan,nan,nan,nan,nan,nan,nan,nan,nan,nan,nan,0.0
pamap2-subject103,2012-01-03T00:16:00+00:00,2012-01-03T00:20:00+00:00,1,,84.21558796718323,2.7926706791379194,nan,nan,nan,nan,nan,131.5125,0.0,nan,nan,nan,nan,nan,nan,nan,nan,nan,nan,nan,nan,0.0
pamap2-subject103,2012-01-03T00:20:00+00:00,2012-01-03T00:24:00+00:00,1,,88.22196900638104,6.102919377547688,nan,nan,nan,nan,nan,191.485,0.0,nan,nan,nan,nan,nan,nan,nan,nan,nan,nan,nan,nan,0.0
pamap2-subject103,2012-01-03T00:24:00+00:00,2012-01-03T00:28:00+00:00,1,,95.8337899543379,4.243797490820521,nan,nan,nan,nan,nan,129.195,0.0,nan,nan,nan,nan,nan,nan,nan,nan,nan,nan,nan,nan,0.0
pamap2-subject103,2012-01-03T00:28:00+00:00,2012-01-03T00:32:00+00:00,1,,130.3031550068587,14.472243086332993,nan,nan,nan,nan,nan,250.73333333333335,0.0,nan,nan,nan,nan,nan,nan,nan,nan,nan,nan,nan,nan,0.0
pamap2-subject103,2012-01-03T00:32:00+00:00,2012-01-03T00:36:00+00:00,1,,129.50364630811305,11.595948881403848,nan,nan,nan,nan,nan,51.50666666666666,0.0,nan,nan,nan,nan,nan,nan,nan,nan,nan,nan,nan,nan,0.0
pamap2-subject103,2012-01-03T00:36:00+00:00,2012-01-03T00:40:00+00:00,1,,118.34396355353076,2.0789987423950187,nan,nan,nan,nan,nan,400.0,0.0,nan,nan,nan,nan,nan,nan,nan,nan,nan,nan,nan,nan,0.0
pamap2-subject103,2012-01-03T00:40:00+00:00,2012-01-03T00:44:00+00:00,1,,115.14448979591836,5.436492364520404,nan,nan,nan,nan,nan,72.00000000000001,0.0,nan,nan,nan,nan,nan,nan,nan,nan,nan,nan,nan,nan,0.0
pamap2-subject104,2012-01-04T00:00:00+00:00,2012-01-04T00:04:00+00:00,1,,89.40589887640449,19.067039791267,nan,nan,nan,nan,nan,0.0,2.745833333333333,nan,nan,nan,nan,nan,nan,nan,nan,nan,nan,nan,nan,0.0
pamap2-subject104,2012-01-04T00:04:00+00:00,2012-01-04T00:08:00+00:00,1,,83.69553327256153,18.02275751979064,nan,nan,nan,nan,nan,0.0,3.122333333333333,nan,nan,nan,nan,nan,nan,nan,nan,nan,nan,nan,nan,0.0
pamap2-subject104,2012-01-04T00:08:00+00:00,2012-01-04T00:12:00+00:00,1,,89.38650865998177,10.727592462612854,nan,nan,nan,nan,nan,0.0,2.2216666666666667,nan,nan,nan,nan,nan,nan,nan,nan,nan,nan,nan,nan,0.0
pamap2-subject104,2012-01-04T00:12:00+00:00,2012-01-04T00:16:00+00:00,1,,103.98267213862289,3.9023267312703847,nan,nan,nan,nan,nan,58.123333333333335,0.0,nan,nan,nan,nan,nan,nan,nan,nan,nan,nan,nan,nan,0.0
pamap2-subject104,2012-01-04T00:16:00+00:00,2012-01-04T00:20:00+00:00,1,,109.1039197812215,4.916824421599534,nan,nan,nan,nan,nan,116.71916666666667,0.0,nan,nan,nan,nan,nan,nan,nan,nan,nan,nan,nan,nan,0.0
pamap2-subject104,2012-01-04T00:20:00+00:00,2012-01-04T00:24:00+00:00,1,,113.11485870556062,5.547715273989614,nan,nan,nan,nan,nan,204.72666666666666,0.0,nan,nan,nan,nan,nan,nan,nan,nan,nan,nan,nan,nan,0.0
pamap2-subject104,2012-01-04T00:24:00+00:00,2012-01-04T00:28:00+00:00,1,,132.05702554744525,16.071860067930604,nan,nan,nan,nan,nan,113.79999999999998,0.0,nan,nan,nan,nan,nan,nan,nan,nan,nan,nan,nan,nan,0.0
pamap2-subject104,2012-01-04T00:28:00+00:00,2012-01-04T00:32:00+00:00,1,,128.83637192342752,17.76764670991231,nan,nan,nan,nan,nan,271.73333333333335,0.0,nan,nan,nan,nan,nan,nan,nan,nan,nan,nan,nan,nan,0.0
pamap2-subject104,2012-01-04T00:32:00+00:00,2012-01-04T00:36:00+00:00,1,,131.30811303555151,11.540182179442137,nan,nan,nan,nan,nan,27.520000000000003,0.0,nan,nan,nan,nan,nan,nan,nan,nan,nan,nan,nan,nan,0.0
pamap2-subject104,2012-01-04T00:36:00+00:00,2012-01-04T00:40:00+00:00,1,,112.81130355515042,2.5629610261250586,nan,nan,nan,nan,nan,355.18333333333334,0.0,nan,nan,nan,nan,nan,nan,nan,nan,nan,nan,nan,nan,0.0
pamap2-subject104,2012-01-04T00:40:00+00:00,2012-01-04T00:44:00+00:00,1,,111.38594890510949,4.609252002937905,nan,nan,nan,nan,nan,188.5666666666667,0.0,nan,nan,nan,nan,nan,nan,nan,nan,nan,nan,nan,nan,0.0
pamap2-subject104,2012-01-04T00:44:00+00:00,2012-01-04T00:48:00+00:00,1,,125.78395624430264,5.417803598692138,nan,nan,nan,nan,nan,440.0,0.0,nan,nan,nan,nan,nan,nan,nan,nan,nan,nan,nan,nan,0.0
pamap2-subject104,2012-01-04T00:48:00+00:00,2012-01-04T00:52:00+00:00,1,,122.79005020538567,10.327176819264674,nan,nan,nan,nan,nan,53.221666666666664,0.0,nan,nan,nan,nan,nan,nan,nan,nan,nan,nan,nan,nan,0.0
pamap2-subject104,2012-01-04T00:52:00+00:00,2012-01-04T00:56:00+00:00,1,,130.96745027124774,3.559723993425538,nan,nan,nan,nan,nan,0.026666666666666665,0.0,nan,nan,nan,nan,nan,nan,nan,nan,nan,nan,nan,nan,0.0
pamap2-subject105,2012-01-05T00:00:00+00:00,2012-01-05T00:04:00+00:00,1,,84.18989710009355,10.033081431024712,nan,nan,nan,nan,nan,0.0,2.2583333333333333,nan,nan,nan,nan,nan,nan,nan,nan,nan,nan,nan,nan,0.0
pamap2-subject105,2012-01-05T00:04:00+00:00,2012-01-05T00:08:00+00:00,1,,81.91203281677302,8.232603611887464,nan,nan,nan,nan,nan,0.0,2.841,nan,nan,nan,nan,nan,nan,nan,nan,nan,nan,nan,nan,0.0
pamap2-subject105,2012-01-05T00:08:00+00:00,2012-01-05T00:12:00+00:00,1,,81.1950774840474,4.548758775514956,nan,nan,nan,nan,nan,0.0,3.327833333333333,nan,nan,nan,nan,nan,nan,nan,nan,nan,nan,nan,nan,0.0
pamap2-subject105,2012-01-05T00:12:00+00:00,2012-01-05T00:16:00+00:00,1,,90.07562642369021,3.8466887226850828,nan,nan,nan,nan,nan,34.4225,0.0,nan,nan,nan,nan,nan,nan,nan,nan,nan,nan,nan,nan,0.0
pamap2-subject105,2012-01-05T00:16:00+00:00,2012-01-05T00:20:00+00:00,1,,89.89972652689153,3.020436305687609,nan,nan,nan,nan,nan,140.0,0.0,nan,nan,nan,nan,nan,nan,nan,nan,nan,nan,nan,nan,0.0
pamap2-subject105,2012-01-05T00:20:00+00:00,2012-01-05T00:24:00+00:00,1,,92.37655172413793,3.929879886903171,nan,nan,nan,nan,nan,185.92583333333334,0.0,nan,nan,nan,nan,nan,nan,nan,nan,nan,nan,nan,nan,0.0
pamap2-subject105,2012-01-05T00:24:00+00:00,2012-01-05T00:28:00+00:00,1,,97.11126310989512,4.00415036625491,nan,nan,nan,nan,nan,142.42166666666668,0.0,nan,nan,nan,nan,nan,nan,nan,nan,nan,nan,nan,nan,0.0
pamap2-subject105,2012-01-05T00:28:00+00:00,2012-01-05T00:32:00+00:00,1,,117.69690063810393,15.290255220424315,nan,nan,nan,nan,nan,204.70666666666665,0.0,nan,nan,nan,nan,nan,nan,nan,nan,nan,nan,nan,nan,0.0
pamap2-subject105,2012-01-05T00:32:00+00:00,2012-01-05T00:36:00+00:00,1,,122.3498861047836,15.945969241998311,nan,nan,nan,nan,nan,130.51999999999998,0.0,nan,nan,nan,nan,nan,nan,nan,nan,nan,nan,nan,nan,0.0
pamap2-subject105,2012-01-05T00:36:00+00:00,2012-01-05T00:40:00+00:00,1,,109.89288969917958,3.8409484143443637,nan,nan,nan,nan,nan,277.23333333333335,0.0,nan,nan,nan,nan,nan,nan,nan,nan,nan,nan,nan,nan,0.0
pamap2-subject105,2012-01-05T00:40:00+00:00,2012-01-05T00:44:00+00:00,1,,110.14659926470588,4.308114502581535,nan,nan,nan,nan,nan,289.99833333333333,0.0,nan,nan,nan,nan,nan,nan,nan,nan,nan,nan,nan,nan,0.0
pamap2-subject105,2012-01-05T00:44:00+00:00,2012-01-05T00:48:00+00:00,1,,125.62488605287147,6.155989635819121,nan,nan,nan,nan,nan,440.0,0.0,nan,nan,nan,nan,nan,nan,nan,nan,nan,nan,nan,nan,0.0
pamap2-subject105,2012-01-05T00:48:00+00:00,2012-01-05T00:52:00+00:00,1,,118.63536918869644,6.073625130029587,nan,nan,nan,nan,nan,8.286666666666665,0.0,nan,nan,nan,nan,nan,nan,nan,nan,nan,nan,nan,nan,0.0
pamap2-subject105,2012-01-05T00:52:00+00:00,2012-01-05T00:56:00+00:00,1,,126.45740318906606,9.49534755273524,nan,nan,nan,nan,nan,81.36000000000001,0.0,nan,nan,nan,nan,nan,nan,nan,nan,nan,nan,nan,nan,0.0
pamap2-subject105,2012-01-05T00:56:00+00:00,2012-01-05T01:00:00+00:00,1,,163.44576116681858,10.252243580830703,nan,nan,nan,nan,nan,575.8666666666667,0.0,nan,nan,nan,nan,nan,nan,nan,nan,nan,nan,nan,nan,0.0
pamap2-subject105,2012-01-05T01:00:00+00:00,2012-01-05T01:04:00+00:00,1,,155.1039886039886,15.792971895720553,nan,nan,nan,nan,nan,154.66,0.0,nan,nan,nan,nan,nan,nan,nan,nan,nan,nan,nan,nan,0.0
pamap2-subject106,2012-01-06T00:00:00+00:00,2012-01-06T00:04:00+00:00,1,,82.46370023419203,14.340243838025517,nan,nan,nan,nan,nan,0.0,2.303833333333333,nan,nan,nan,nan,nan,nan,nan,nan,nan,nan,nan,nan,0.0
pamap2-subject106,2012-01-06T00:04:00+00:00,2012-01-06T00:08:00+00:00,1,,74.80309936189607,10.993180510719682,nan,nan,nan,nan,nan,0.0,3.1088333333333336,nan,nan,nan,nan,nan,nan,nan,nan,nan,nan,nan,nan,0.0
pamap2-subject106,2012-01-06T00:08:00+00:00,2012-01-06T00:12:00+00:00,1,,79.10756608933455,4.590754769546025,nan,nan,nan,nan,nan,0.0,2.3175000000000003,nan,nan,nan,nan,nan,nan,nan,nan,nan,nan,nan,nan,0.0
pamap2-subject106,2012-01-06T00:12:00+00:00,2012-01-06T00:16:00+00:00,1,,86.70068337129841,4.651516468374015,nan,nan,nan,nan,nan,56.810833333333335,0.0,nan,nan,nan,nan,nan,nan,nan,nan,nan,nan,nan,nan,0.0
pamap2-subject106,2012-01-06T00:16:00+00:00,2012-01-06T00:20:00+00:00,1,,87.62957875457876,3.6392579404804337,nan,nan,nan,nan,nan,140.0,0.0,nan,nan,nan,nan,nan,nan,nan,nan,nan,nan,nan,nan,0.0
pamap2-subject106,2012-01-06T00:20:00+00:00,2012-01-06T00:24:00+00:00,1,,90.42974828375286,8.411049351610046,nan,nan,nan,nan,nan,169.5225,0.0,nan,nan,nan,nan,nan,nan,nan,nan,nan,nan,nan,nan,0.0
pamap2-subject106,2012-01-06T00:24:00+00:00,2012-01-06T00:28:00+00:00,1,,98.70835235052488,8.970274892840163,nan,nan,nan,nan,nan,128.29666666666668,0.0,nan,nan,nan,nan,nan,nan,nan,nan,nan,nan,nan,nan,0.0
pamap2-subject106,2012-01-06T00:28:00+00:00,2012-01-06T00:32:00+00:00,1,,124.72801822323463,17.074947037865435,nan,nan,nan,nan,nan,136.85333333333332,0.0,nan,nan,nan,nan,nan,nan,nan,nan,nan,nan,nan,nan,0.0
pamap2-subject106,2012-01-06T00:32:00+00:00,2012-01-06T00:36:00+00:00,1,,127.49270738377393,27.408074445540286,nan,nan,nan,nan,nan,162.10666666666668,0.0,nan,nan,nan,nan,nan,nan,nan,nan,nan,nan,nan,nan,0.0
pamap2-subject106,2012-01-06T00:36:00+00:00,2012-01-06T00:40:00+00:00,1,,108.04103967168263,9.665879799481077,nan,nan,nan,nan,nan,150.13333333333335,0.0,nan,nan,nan,nan,nan,nan,nan,nan,nan,nan,nan,nan,0.0
pamap2-subject106,2012-01-06T00:40:00+00:00,2012-01-06T00:44:00+00:00,1,,95.52461257976299,2.516777877474595,nan,nan,nan,nan,nan,278.55,0.0,nan,nan,nan,nan,nan,nan,nan,nan,nan,nan,nan,nan,0.0
pamap2-subject106,2012-01-06T00:44:00+00:00,2012-01-06T00:48:00+00:00,1,,108.74441913439635,6.879291798004684,nan,nan,nan,nan,nan,428.45,0.0,nan,nan,nan,nan,nan,nan,nan,nan,nan,nan,nan,nan,0.0
pamap2-subject106,2012-01-06T00:48:00+00:00,2012-01-06T00:52:00+00:00,1,,113.3477863989046,17.775220404051645,nan,nan,nan,nan,nan,60.79333333333333,0.0,nan,nan,nan,nan,nan,nan,nan,nan,nan,nan,nan,nan,0.0
pamap2-subject106,2012-01-06T00:52:00+00:00,2012-01-06T00:56:00+00:00,1,,130.51093892433911,14.625969297064552,nan,nan,nan,nan,nan,204.32000000000002,0.0,nan,nan,nan,nan,nan,nan,nan,nan,nan,nan,nan,nan,0.0
pamap2-subject106,2012-01-06T00:56:00+00:00,2012-01-06T01:00:00+00:00,1,,164.10615034168566,13.832816729260987,nan,nan,nan,nan,nan,404.34666666666664,0.0,nan,nan,nan,nan,nan,nan,nan,nan,nan,nan,nan,nan,0.0
pamap2-subject106,2012-01-06T01:00:00+00:00,2012-01-06T01:04:00+00:00,1,,131.56363636363636,0.7138534701613469,nan,nan,nan,nan,nan,5.12,0.0,nan,nan,nan,nan,nan,nan,nan,nan,nan,nan,nan,nan,0.0
pamap2-subject107,2012-01-07T00:00:00+00:00,2012-01-07T00:04:00+00:00,1,,74.46348314606742,12.472313001725547,nan,nan,nan,nan,nan,0.0,2.5953333333333335,nan,nan,nan,nan,nan,nan,nan,nan,nan,nan,nan,nan,0.0
pamap2-subject107,2012-01-07T00:04:00+00:00,2012-01-07T00:08:00+00:00,1,,72.47174111212398,10.640918510196055,nan,nan,nan,nan,nan,0.0,3.095833333333333,nan,nan,nan,nan,nan,nan,nan,nan,nan,nan,nan,nan,0.0
pamap2-subject107,2012-01-07T00:08:00+00:00,2012-01-07T00:12:00+00:00,1,,74.15296803652969,3.3891955449485667,nan,nan,nan,nan,nan,0.0,0.6243333333333333,nan,nan,nan,nan,nan,nan,nan,nan,nan,nan,nan,nan,0.0
pamap2-subject107,2012-01-07T00:12:00+00:00,2012-01-07T00:16:00+00:00,1,,78.3664993153811,5.4808367473659505,nan,nan,nan,nan,nan,107.89333333333335,0.0,nan,nan,nan,nan,nan,nan,nan,nan,nan,nan,nan,nan,0.0
pamap2-subject107,2012-01-07T00:16:00+00:00,2012-01-07T00:20:00+00:00,1,,79.95348837209302,7.317478273781022,nan,nan,nan,nan,nan,131.4425,0.0,nan,nan,nan,nan,nan,nan,nan,nan,nan,nan,nan,nan,0.0
pamap2-subject107,2012-01-07T00:20:00+00:00,2012-01-07T00:24:00+00:00,1,,93.9936189608022,5.524368435524149,nan,nan,nan,nan,nan,184.18166666666667,0.0,nan,nan,nan,nan,nan,nan,nan,nan,nan,nan,nan,nan,0.0
pamap2-subject107,2012-01-07T00:24:00+00:00,2012-01-07T00:28:00+00:00,1,,105.57949886104784,20.91105883320175,nan,nan,nan,nan,nan,205.22666666666666,0.0,nan,nan,nan,nan,nan,nan,nan,nan,nan,nan,nan,nan,0.0
pamap2-subject107,2012-01-07T00:28:00+00:00,2012-01-07T00:32:00+00:00,1,,123.71649954421149,22.678278439896932,nan,nan,nan,nan,nan,184.95999999999998,0.0,nan,nan,nan,nan,nan,nan,nan,nan,nan,nan,nan,nan,0.0
pamap2-subject107,2012-01-07T00:32:00+00:00,2012-01-07T00:36:00+00:00,1,,102.06292749658003,7.964047004515803,nan,nan,nan,nan,nan,181.8,0.0,nan,nan,nan,nan,nan,nan,nan,nan,nan,nan,nan,nan,0.0
pamap2-subject107,2012-01-07T00:36:00+00:00,2012-01-07T00:40:00+00:00,1,,99.7906550618415,3.8467749110568614,nan,nan,nan,nan,nan,380.2,0.0,nan,nan,nan,nan,nan,nan,nan,nan,nan,nan,nan,nan,0.0
pamap2-subject107,2012-01-07T00:40:00+00:00,2012-01-07T00:44:00+00:00,1,,109.08838268792711,20.138686053762314,nan,nan,nan,nan,nan,313.05999999999995,0.0,nan,nan,nan,nan,nan,nan,nan,nan,nan,nan,nan,nan,0.0
pamap2-subject107,2012-01-07T00:44:00+00:00,2012-01-07T00:48:00+00:00,1,,123.78805834092981,11.61570242829529,nan,nan,nan,nan,nan,213.565,0.0,nan,nan,nan,nan,nan,nan,nan,nan,nan,nan,nan,nan,0.0
pamap2-subject107,2012-01-07T00:48:00+00:00,2012-01-07T00:52:00+00:00,1,,113.45943482224249,12.153171812137801,nan,nan,nan,nan,nan,40.026666666666664,0.0,nan,nan,nan,nan,nan,nan,nan,nan,nan,nan,nan,nan,0.0
pamap2-subject107,2012-01-07T00:52:00+00:00,2012-01-07T00:56:00+00:00,1,,130.55,10.320731563217702,nan,nan,nan,nan,nan,58.42666666666667,0.0,nan,nan,nan,nan,nan,nan,nan,nan,nan,nan,nan,nan,0.0
pamap2-subject108,2012-01-08T00:00:00+00:00,2012-01-08T00:04:00+00:00,1,,75.88582124473561,5.562346689509659,nan,nan,nan,nan,nan,0.0,2.877333333333333,nan,nan,nan,nan,nan,nan,nan,nan,nan,nan,nan,nan,0.0
pamap2-subject108,2012-01-08T00:04:00+00:00,2012-01-08T00:08:00+00:00,1,,81.27906976744185,12.935618918318783,nan,nan,nan,nan,nan,0.0,2.9506666666666663,nan,nan,nan,nan,nan,nan,nan,nan,nan,nan,nan,nan,0.0
pamap2-subject108,2012-01-08T00:08:00+00:00,2012-01-08T00:12:00+00:00,1,,77.49908842297174,6.70278307130881,nan,nan,nan,nan,nan,0.0,2.02,nan,nan,nan,nan,nan,nan,nan,nan,nan,nan,nan,nan,0.0
pamap2-subject108,2012-01-08T00:12:00+00:00,2012-01-08T00:16:00+00:00,1,,86.40683371298405,5.8150577256600995,nan,nan,nan,nan,nan,62.53333333333333,0.0,nan,nan,nan,nan,nan,nan,nan,nan,nan,nan,nan,nan,0.0
pamap2-subject108,2012-01-08T00:16:00+00:00,2012-01-08T00:20:00+00:00,1,,88.96243701328447,2.9860662702859635,nan,nan,nan,nan,nan,129.90833333333333,0.0,nan,nan,nan,nan,nan,nan,nan,nan,nan,nan,nan,nan,0.0
pamap2-subject108,2012-01-08T00:20:00+00:00,2012-01-08T00:24:00+00:00,1,,97.66180492251596,9.958781488646565,nan,nan,nan,nan,nan,178.33666666666667,0.0,nan,nan,nan,nan,nan,nan,nan,nan,nan,nan,nan,nan,0.0
pamap2-subject108,2012-01-08T00:24:00+00:00,2012-01-08T00:28:00+00:00,1,,106.30706150341686,6.5947117816995116,nan,nan,nan,nan,nan,127.15,0.0,nan,nan,nan,nan,nan,nan,nan,nan,nan,nan,nan,nan,0.0
pamap2-subject108,2012-01-08T00:28:00+00:00,2012-01-08T00:32:00+00:00,1,,126.85505925250683,17.44743255740425,nan,nan,nan,nan,nan,121.21333333333334,0.0,nan,nan,nan,nan,nan,nan,nan,nan,nan,nan,nan,nan,0.0
pamap2-subject108,2012-01-08T00:32:00+00:00,2012-01-08T00:36:00+00:00,1,,153.98767123287672,19.605104487711852,nan,nan,nan,nan,nan,141.21333333333334,0.0,nan,nan,nan,nan,nan,nan,nan,nan,nan,nan,nan,nan,0.0
pamap2-subject108,2012-01-08T00:36:00+00:00,2012-01-08T00:40:00+00:00,1,,120.02145139205842,4.602501244081017,nan,nan,nan,nan,nan,242.03333333333333,0.0,nan,nan,nan,nan,nan,nan,nan,nan,nan,nan,nan,nan,0.0
pamap2-subject108,2012-01-08T00:40:00+00:00,2012-01-08T00:44:00+00:00,1,,119.53067765567765,5.882703607915888,nan,nan,nan,nan,nan,283.5166666666667,0.0,nan,nan,nan,nan,nan,nan,nan,nan,nan,nan,nan,nan,0.0
pamap2-subject108,2012-01-08T00:44:00+00:00,2012-01-08T00:48:00+00:00,1,,111.99726152441808,9.340556669199465,nan,nan,nan,nan,nan,0.0,0.0,nan,nan,nan,nan,nan,nan,nan,nan,nan,nan,nan,nan,0.0
pamap2-subject108,2012-01-08T00:48:00+00:00,2012-01-08T00:52:00+00:00,1,,123.89061075660894,5.632215683119564,nan,nan,nan,nan,nan,0.0,0.0,nan,nan,nan,nan,nan,nan,nan,nan,nan,nan,nan,nan,0.0
pamap2-subject108,2012-01-08T00:52:00+00:00,2012-01-08T00:56:00+00:00,1,,120.96627164995442,6.059545913160459,nan,nan,nan,nan,nan,439.56,0.0,nan,nan,nan,nan,nan,nan,nan,nan,nan,nan,nan,nan,0.0
pamap2-subject108,2012-01-08T00:56:00+00:00,2012-01-08T01:00:00+00:00,1,,143.79696394686908,26.010681470401206,nan,nan,nan,nan,nan,450.58666666666664,0.0,nan,nan,nan,nan,nan,nan,nan,nan,nan,nan,nan,nan,0.0
pamap2-subject108,2012-01-08T01:00:00+00:00,2012-01-08T01:04:00+00:00,1,,158.9056517775752,22.823661836265597,nan,nan,nan,nan,nan,159.6,0.0,nan,nan,nan,nan,nan,nan,nan,nan,nan,nan,nan,nan,0.0
pamap2-subject108,2012-01-08T01:04:00+00:00,2012-01-08T01:08:00+00:00,1,,164.88361478776815,24.124764342344374,nan,nan,nan,nan,nan,96.84,0.0,nan,nan,nan,nan,nan,nan,nan,nan,nan,nan,nan,nan,0.0
pamap2-subject108,2012-01-08T01:08:00+00:00,2012-01-08T01:12:00+00:00,1,,138.10526315789474,1.422676135627669,nan,nan,nan,nan,nan,0.0,0.0,nan,nan,nan,nan,nan,nan,nan,nan,nan,nan,nan,nan,0.0
pamap2-subject109,2012-01-09T00:00:00+00:00,2012-01-09T00:04:00+00:00,1,,147.7409793814433,7.794636741209167,nan,nan,nan,nan,nan,127.82,0.0,nan,nan,nan,nan,nan,nan,nan,nan,nan,nan,nan,nan,0.0
